[
  {
    "show_id": "81193313",
    "title": "Chocolate",
    "director": "",
    "cast": "Ha Ji-won, Yoon Kye-sang, Jang Seung-jo, Kang Bu-ja, Lee Jae-ryong, Min Jin-woong, Kim Won-hae, Yoo Teo",
    "country": "South Korea",
    "date_added": "November 30, 2019",
    "release_year": "2019",
    "rating": "TV-14",
    "duration": "1 Season",
    "listed_in": "International TV Shows, Korean TV Shows, Romantic TV Shows",
    "description": "Brought together by meaningful meals in the past and present, a doctor and a chef are reacquainted when they begin working at a hospice ward.",
    "type": "TV Show",
    "imageUrl": "https://images.unsplash.com/photo-1533488765986-dfa2a9939acd?crop=entropy&cs=tinysrgb&fit=max&fm=jpg&ixid=Mnw0MDI0OTB8MHwxfHNlYXJjaHw5MDF8fG1vdmllfGVufDB8fHx8MTY3NDU4NTMzNA&ixlib=rb-4.0.3&q=80&w=1080"
  },
  {
    "show_id": "81197050",
    "title": "Guatemala: Heart of the Mayan World",
    "director": "Luis Ara, Ignacio Jaunsolo",
    "cast": "Christian Morales",
    "country": "",
    "date_added": "November 30, 2019",
    "release_year": "2019",
    "rating": "TV-G",
    "duration": "67 min",
    "listed_in": "Documentaries, International Movies",
    "description": "From Sierra de las Minas to Esquipulas, explore Guatemala's cultural and geological wealth, including ancient Mayan cities and other natural wonders.",
    "type": "Movie",
    "imageUrl": "https://images.unsplash.com/photo-1568037361720-41383816b1a7?crop=entropy&cs=tinysrgb&fit=max&fm=jpg&ixid=Mnw0MDI0OTB8MHwxfHNlYXJjaHw5MDJ8fG1vdmllfGVufDB8fHx8MTY3NDU4NTMzNA&ixlib=rb-4.0.3&q=80&w=1080"
  },
  {
    "show_id": "81213894",
    "title": "The Zoya Factor",
    "director": "Abhishek Sharma",
    "cast": "Sonam Kapoor, Dulquer Salmaan, Sanjay Kapoor, Sikander Kher, Angad Bedi, Koel Purie, Pooja Bhamrah, Manu Rishi Chadha",
    "country": "India",
    "date_added": "November 30, 2019",
    "release_year": "2019",
    "rating": "TV-14",
    "duration": "135 min",
    "listed_in": "Comedies, Dramas, International Movies",
    "description": "A goofy copywriter unwittingly convinces the Indian cricket team that she’s their lucky mascot, to the dismay of their superstition-shunning captain.",
    "type": "Movie",
    "imageUrl": "https://images.unsplash.com/photo-1540924817141-d963bdafed69?crop=entropy&cs=tinysrgb&fit=max&fm=jpg&ixid=Mnw0MDI0OTB8MHwxfHNlYXJjaHw5MDN8fG1vdmllfGVufDB8fHx8MTY3NDU4NTMzNA&ixlib=rb-4.0.3&q=80&w=1080"
  },
  {
    "show_id": "81082007",
    "title": "Atlantics",
    "director": "Mati Diop",
    "cast": "Mama Sane, Amadou Mbow, Ibrahima Traore, Nicole Sougou, Amina Kane, Mariama Gassama, Coumba Dieng, Ibrahima Mbaye, Diankou Sembene",
    "country": "France, Senegal, Belgium",
    "date_added": "November 29, 2019",
    "release_year": "2019",
    "rating": "TV-14",
    "duration": "106 min",
    "listed_in": "Dramas, Independent Movies, International Movies",
    "description": "Arranged to marry a rich man, young Ada is crushed when her true love goes missing at sea during a migration attempt – until a miracle reunites them.",
    "type": "Movie",
    "imageUrl": "https://images.unsplash.com/photo-1579803815615-1203fb5a2e9d?crop=entropy&cs=tinysrgb&fit=max&fm=jpg&ixid=Mnw0MDI0OTB8MHwxfHNlYXJjaHw5MDR8fG1vdmllfGVufDB8fHx8MTY3NDU4NTMzNA&ixlib=rb-4.0.3&q=80&w=1080"
  },
  {
    "show_id": "80213643",
    "title": "Chip and Potato",
    "director": "",
    "cast": "Abigail Oliver, Andrea Libman, Briana Buckmaster, Brian Dobson, Chance Hurstfield, Dominic Good, Emma Jayne Maas, Evan Byarushengo, Scotia Anderson, Alessandro Juliani",
    "country": "Canada, United Kingdom",
    "date_added": "",
    "release_year": "2019",
    "rating": "TV-Y",
    "duration": "2 Seasons",
    "listed_in": "Kids' TV",
    "description": "Lovable pug Chip starts kindergarten, makes new friends and tries new things – with a little help from Potato, her secret mouse pal.",
    "type": "TV Show",
    "imageUrl": "https://images.unsplash.com/photo-1579935110464-fcd041be62d0?crop=entropy&cs=tinysrgb&fit=max&fm=jpg&ixid=Mnw0MDI0OTB8MHwxfHNlYXJjaHw5MDV8fG1vdmllfGVufDB8fHx8MTY3NDU4NTMzNA&ixlib=rb-4.0.3&q=80&w=1080"
  },
  {
    "show_id": "81172754",
    "title": "Crazy people",
    "director": "Moses Inwang",
    "cast": "Ramsey Nouah, Chigul, Sola Sobowale, Ireti Doyle, Ben Touitou, Francis Onwochei, Ememobong Nkana, Emem Inwang, Patrick Onyeke",
    "country": "Nigeria",
    "date_added": "November 29, 2019",
    "release_year": "2018",
    "rating": "TV-14",
    "duration": "107 min",
    "listed_in": "Comedies, International Movies, Thrillers",
    "description": "Nollywood star Ramsey Nouah learns that someone is impersonating him and breaks out of a mental institution to expose the imposter.",
    "type": "Movie",
    "imageUrl": "https://images.unsplash.com/photo-1606579347210-979e9d411248?crop=entropy&cs=tinysrgb&fit=max&fm=jpg&ixid=Mnw0MDI0OTB8MHwxfHNlYXJjaHw5MDZ8fG1vdmllfGVufDB8fHx8MTY3NDU4NTMzNA&ixlib=rb-4.0.3&q=80&w=1080"
  },
  {
    "show_id": "81120982",
    "title": "I Lost My Body",
    "director": "Jérémy Clapin",
    "cast": "Hakim Faris, Victoire Du Bois, Patrick d'Assumçao, Dev Patel, Alia Shawkat, George Wendt",
    "country": "France",
    "date_added": "November 29, 2019",
    "release_year": "2019",
    "rating": "TV-MA",
    "duration": "81 min",
    "listed_in": "Dramas, Independent Movies, International Movies",
    "description": "Romance, mystery and adventure intertwine as a young man falls in love and a severed hand scours Paris for its owner in this mesmerizing animated film.",
    "type": "Movie",
    "imageUrl": "https://images.unsplash.com/photo-1604056986370-2b33dfbc53a9?crop=entropy&cs=tinysrgb&fit=max&fm=jpg&ixid=Mnw0MDI0OTB8MHwxfHNlYXJjaHw5MDd8fG1vdmllfGVufDB8fHx8MTY3NDU4NTMzNA&ixlib=rb-4.0.3&q=80&w=1080"
  },
  {
    "show_id": "81227195",
    "title": "Kalushi: The Story of Solomon Mahlangu",
    "director": "Mandla Dube",
    "cast": "Thabo Rametsi, Thabo Malema, Welile Nzuza, Jafta Mamabolo, Louw Venter, Pearl Thusi",
    "country": "South Africa",
    "date_added": "November 29, 2019",
    "release_year": "2016",
    "rating": "TV-MA",
    "duration": "107 min",
    "listed_in": "Dramas, International Movies",
    "description": "The life and times of iconic South African liberation fighter Solomon Mahlangu, who battled the forces of apartheid, come into focus.",
    "type": "Movie",
    "imageUrl": "https://images.unsplash.com/photo-1600660792241-240f01455c6f?crop=entropy&cs=tinysrgb&fit=max&fm=jpg&ixid=Mnw0MDI0OTB8MHwxfHNlYXJjaHw5MDh8fG1vdmllfGVufDB8fHx8MTY3NDU4NTMzNA&ixlib=rb-4.0.3&q=80&w=1080"
  },
  {
    "show_id": "70205672",
    "title": "La Reina del Sur",
    "director": "",
    "cast": "Kate del Castillo, Cristina Urgel, Alberto Jiménez, Juan José Arjona, Humberto Zurita, Dagoberto Gama, Christian Tappán, Miguel de Miguel, Salvador Zerboni, Carmen Navarro, Santiago Meléndez, Juan Carlos Solarte",
    "country": "United States, Spain, Colombia, Mexico",
    "date_added": "",
    "release_year": "2019",
    "rating": "TV-14",
    "duration": "2 Seasons",
    "listed_in": "Crime TV Shows, International TV Shows, Spanish-Language TV Shows",
    "description": "This compelling show tells the story of the legendary Teresa Mendoza, a courageous woman who is perceived as conquering the world of drug trafficking.",
    "type": "TV Show",
    "imageUrl": "https://images.unsplash.com/photo-1485727296248-6b44e6a35ab6?crop=entropy&cs=tinysrgb&fit=max&fm=jpg&ixid=Mnw0MDI0OTB8MHwxfHNlYXJjaHw5MDl8fG1vdmllfGVufDB8fHx8MTY3NDU4NTMzNA&ixlib=rb-4.0.3&q=80&w=1080"
  },
  {
    "show_id": "81172841",
    "title": "Lagos Real Fake Life",
    "director": "Mike Ezuruonye",
    "cast": "Nonso Diobi, Mike Ezuruonye, Mercy Aigbe, Rex Nosa, Annie Macaulay Idibia, Ik Ogbonna, Nedu Wazobia, Uzee Usman, Odunlade Adekola, Mr Jollof, Efe Irele, Josh 2 Funny, Haillie Sumney, Emmanuella, MC Lively",
    "country": "",
    "date_added": "November 29, 2019",
    "release_year": "2018",
    "rating": "TV-14",
    "duration": "118 min",
    "listed_in": "Comedies, International Movies",
    "description": "Two mooching friends vie for the attention of wealthy, beautiful women only to discover that their lavish lifestyles are bogus.",
    "type": "Movie",
    "imageUrl": "https://images.unsplash.com/photo-1562448079-b5631888445f?crop=entropy&cs=tinysrgb&fit=max&fm=jpg&ixid=Mnw0MDI0OTB8MHwxfHNlYXJjaHw5MTB8fG1vdmllfGVufDB8fHx8MTY3NDU4NTMzNA&ixlib=rb-4.0.3&q=80&w=1080"
  },
  {
    "show_id": "81172899",
    "title": "Payday",
    "director": "Cheta Chukwu",
    "cast": "Baaj Adebule, Ebiye Victor, Meg Otanwa, Bisola Aiyeola, Mawuli Gavor, Zack Orji, Segilola Ogidan",
    "country": "Nigeria",
    "date_added": "November 29, 2019",
    "release_year": "2018",
    "rating": "TV-MA",
    "duration": "110 min",
    "listed_in": "Comedies, Independent Movies, International Movies",
    "description": "After an expensive night out, two flatmates get tangled in an overnight misadventure to recover their rent money to pay their dead landlord's daughter.",
    "type": "Movie",
    "imageUrl": "https://images.unsplash.com/photo-1579702493440-8b1b56d47e03?crop=entropy&cs=tinysrgb&fit=max&fm=jpg&ixid=Mnw0MDI0OTB8MHwxfHNlYXJjaHw5MTF8fG1vdmllfGVufDB8fHx8MTY3NDU4NTMzNA&ixlib=rb-4.0.3&q=80&w=1080"
  },
  {
    "show_id": "81094391",
    "title": "Sugar Rush Christmas",
    "director": "",
    "cast": "Hunter March, Candace Nelson, Adriano Zumbo",
    "country": "United States",
    "date_added": "November 29, 2019",
    "release_year": "2019",
    "rating": "TV-PG",
    "duration": "1 Season",
    "listed_in": "Reality TV",
    "description": "It's everything you love about \"Sugar Rush\" – with a holly jolly holiday twist – in this Christmas-themed spin on competitive baking.",
    "type": "TV Show",
    "imageUrl": "https://images.unsplash.com/photo-1550784343-6bd0ce5d600b?crop=entropy&cs=tinysrgb&fit=max&fm=jpg&ixid=Mnw0MDI0OTB8MHwxfHNlYXJjaHw5MTJ8fG1vdmllfGVufDB8fHx8MTY3NDU4NTMzNA&ixlib=rb-4.0.3&q=80&w=1080"
  },
  {
    "show_id": "81172908",
    "title": "The Accidental Spy",
    "director": "Roger Russell",
    "cast": "Ramsey Nouah, Christine Allado, Ayo Makun, Emmanuel Edunjobi, Thenjiwe Moseley, Miguel A. Núñez Jr., Bucci Franklin",
    "country": "Nigeria",
    "date_added": "November 29, 2019",
    "release_year": "2017",
    "rating": "TV-14",
    "duration": "104 min",
    "listed_in": "Action & Adventure, Comedies, International Movies",
    "description": "Nursing a broken heart, an IT specialist moves to London to audition for a reality TV show that unexpectedly turns into a real-life cartel drama.",
    "type": "Movie",
    "imageUrl": "https://images.unsplash.com/photo-1619099619226-f96e319e3732?crop=entropy&cs=tinysrgb&fit=max&fm=jpg&ixid=Mnw0MDI0OTB8MHwxfHNlYXJjaHw5MTN8fG1vdmllfGVufDB8fHx8MTY3NDU4NTMzNA&ixlib=rb-4.0.3&q=80&w=1080"
  },
  {
    "show_id": "81152641",
    "title": "The Charming Stepmom",
    "director": "",
    "cast": "Shahkrit Yamnarm, View Wannarot Sontichai, Krittanai Arsalprakit, Ployshompoo Supasap, Boriboon Chanrueng, Shawankorn Wanthanapisitkul, Duangta Toongkamanee, Daraneenuch Pasutanavin, Phuwin Tangsakyuen, Nuntasai Pisolyabut, Pimmara Charoenpakdee, Thanawat Rattanakitpaisan",
    "country": "",
    "date_added": "November 29, 2019",
    "release_year": "2019",
    "rating": "TV-14",
    "duration": "1 Season",
    "listed_in": "International TV Shows, Romantic TV Shows, TV Comedies",
    "description": "A quirky fashion student becomes the nanny of a handsome widower’s three kids, experiencing a series of silly antics and schemes.",
    "type": "TV Show",
    "imageUrl": "https://images.unsplash.com/photo-1533928298208-27ff66555d8d?crop=entropy&cs=tinysrgb&fit=max&fm=jpg&ixid=Mnw0MDI0OTB8MHwxfHNlYXJjaHw5MTR8fG1vdmllfGVufDB8fHx8MTY3NDU4NTMzNA&ixlib=rb-4.0.3&q=80&w=1080"
  },
  {
    "show_id": "81172901",
    "title": "The Island",
    "director": "Toka McBaror",
    "cast": "Sambasa Nzeribe, Segun Arinze, Tokunbo Idowu, Femi Adebayo",
    "country": "Nigeria",
    "date_added": "November 29, 2019",
    "release_year": "2018",
    "rating": "TV-14",
    "duration": "93 min",
    "listed_in": "Dramas, International Movies, Thrillers",
    "description": "When a colonel uncovers controversial intel about the government, he makes a shocking discovery and must decide whether to reveal it or risk his life.",
    "type": "Movie",
    "imageUrl": "https://images.unsplash.com/photo-1620146095812-813e2de733b1?crop=entropy&cs=tinysrgb&fit=max&fm=jpg&ixid=Mnw0MDI0OTB8MHwxfHNlYXJjaHw5MTV8fG1vdmllfGVufDB8fHx8MTY3NDU4NTMzNA&ixlib=rb-4.0.3&q=80&w=1080"
  },
  {
    "show_id": "80990849",
    "title": "The Movies That Made Us",
    "director": "",
    "cast": "",
    "country": "United States",
    "date_added": "November 29, 2019",
    "release_year": "2019",
    "rating": "TV-MA",
    "duration": "1 Season",
    "listed_in": "Docuseries",
    "description": "These blockbusters brought us together and gave us the time of our lives. Meet the actors, directors and industry insiders who made them happen.",
    "type": "TV Show",
    "imageUrl": "https://images.unsplash.com/photo-1486693128850-a77436e7ba3c?crop=entropy&cs=tinysrgb&fit=max&fm=jpg&ixid=Mnw0MDI0OTB8MHwxfHNlYXJjaHw5MTZ8fG1vdmllfGVufDB8fHx8MTY3NDU4NTMzNA&ixlib=rb-4.0.3&q=80&w=1080"
  },
  {
    "show_id": "81033086",
    "title": "Holiday Rush",
    "director": "Leslie Small",
    "cast": "Romany Malco, Sonequa Martin-Green, Darlene Love, Deon Cole, La La Anthony, Deysha Nelson, Amarr M. Wooten, Selena-Marie Alphonse, Andrea-Marie Alphonse",
    "country": "United States",
    "date_added": "November 28, 2019",
    "release_year": "2019",
    "rating": "TV-PG",
    "duration": "94 min",
    "listed_in": "Children & Family Movies, Dramas",
    "description": "A widowed radio DJ and his four spoiled kids need to tighten their belts and pull together when their life of luxury turns lean just before Christmas.",
    "type": "Movie",
    "imageUrl": "https://images.unsplash.com/photo-1518173835740-f5d14111d76a?crop=entropy&cs=tinysrgb&fit=max&fm=jpg&ixid=Mnw0MDI0OTB8MHwxfHNlYXJjaHw5MTd8fG1vdmllfGVufDB8fHx8MTY3NDU4NTMzNA&ixlib=rb-4.0.3&q=80&w=1080"
  },
  {
    "show_id": "80156799",
    "title": "Levius",
    "director": "",
    "cast": "Nobunaga Shimazaki, Junichi Suwabe, Takahiro Sakurai, Ayane Sakura, Hochu Otsuka, Daisuke Ono, Saori Hayami, Mamoru Miyano",
    "country": "Japan",
    "date_added": "November 28, 2019",
    "release_year": "2019",
    "rating": "TV-14",
    "duration": "1 Season",
    "listed_in": "Anime Series, International TV Shows",
    "description": "Young Levius rises through the ranks in the brutal world of metal boxing under his uncle's guidance. Forces outside the ring have their eye on him.",
    "type": "TV Show",
    "imageUrl": "https://images.unsplash.com/photo-1511184059754-e4b5bbbcef75?crop=entropy&cs=tinysrgb&fit=max&fm=jpg&ixid=Mnw0MDI0OTB8MHwxfHNlYXJjaHw5MTh8fG1vdmllfGVufDB8fHx8MTY3NDU4NTMzNA&ixlib=rb-4.0.3&q=80&w=1080"
  },
  {
    "show_id": "81161538",
    "title": "Lugar de Mulher",
    "director": "",
    "cast": "",
    "country": "Brazil",
    "date_added": "November 28, 2019",
    "release_year": "2019",
    "rating": "TV-MA",
    "duration": "1 Season",
    "listed_in": "International TV Shows, Stand-Up Comedy & Talk Shows, TV Comedies",
    "description": "Four comedians from Brazil riff on sexuality, politics, religion and motherhood – and set out to prove a woman's place is anywhere she wants it to be.",
    "type": "TV Show",
    "imageUrl": "https://images.unsplash.com/photo-1593940256067-fb4acd831804?crop=entropy&cs=tinysrgb&fit=max&fm=jpg&ixid=Mnw0MDI0OTB8MHwxfHNlYXJjaHw5MTl8fG1vdmllfGVufDB8fHx8MTY3NDU4NTMzNA&ixlib=rb-4.0.3&q=80&w=1080"
  },
  {
    "show_id": "80997965",
    "title": "Merry Happy Whatever",
    "director": "",
    "cast": "Dennis Quaid, Bridgit Mendler, Brent Morin, Ashley Tisdale, Siobhan Murphy, Adam Rose, Elizabeth Ho, Hayes MacArthur, Garcelle Beauvais, Tyler Ritter, Mason Davis, Lucas Jaye",
    "country": "United States",
    "date_added": "November 28, 2019",
    "release_year": "2019",
    "rating": "TV-PG",
    "duration": "1 Season",
    "listed_in": "TV Comedies",
    "description": "A struggling LA musician tries to win over his new girlfriend's gruff dad and quirky, tight-knit siblings on a 10-day Christmas visit to Philadelphia.",
    "type": "TV Show",
    "imageUrl": "https://images.unsplash.com/photo-1542204637-e67bc7d41e48?crop=entropy&cs=tinysrgb&fit=max&fm=jpg&ixid=Mnw0MDI0OTB8MHwxfHNlYXJjaHw5MjB8fG1vdmllfGVufDB8fHx8MTY3NDU4NTMzNA&ixlib=rb-4.0.3&q=80&w=1080"
  }
]